{
  "valid@0.5": {
    "roc_auc": 0.8498148148148148,
    "precision": 0.6212121212121212,
    "recall": 0.7592592592592593,
    "f1": 0.6833333333333333
  },
  "valid@youden": {
    "roc_auc": 0.8498148148148148,
    "precision": 0.75,
    "recall": 0.6666666666666666,
    "f1": 0.7058823529411765
  },
  "valid@maxF1": {
    "roc_auc": 0.8498148148148148,
    "precision": 0.75,
    "recall": 0.6666666666666666,
    "f1": 0.7058823529411765
  },
  "test@THR": {
    "roc_auc": 0.7877777777777778,
    "precision": 0.6078431372549019,
    "recall": 0.5740740740740741,
    "f1": 0.5904761904761905
  },
  "threshold_selected": 0.6281143402321195
}