{
  "roc_auc": 0.7877777777777778,
  "precision": 0.5606060606060606,
  "recall": 0.6851851851851852,
  "f1": 0.6166666666666667,
  "confusion_matrix": [
    [
      71,
      29
    ],
    [
      17,
      37
    ]
  ],
  "threshold": 0.47
}